Projektname,Company Name,SID,Short Crypted
877041 | DaNi | Herbert Haberhauer e.U. FP,Herbert Haberhauer e.U.,877041,QFKKz
97165 | Cafe Restaurant Tarmann,Cafe Restaurant Tarmann,97165,p2ctC
600491 | PaGe | Bernd Hradecky FP,Dipl.-TA Mag. Bernd Hradecky,600491,96FzM
893709 | ScHe |Bio Bauernhof Nigsch FP,Bio Bauernhof Nigsch,893709,VcMgN
823798 | DaNi | S & P Versicherungskanzlei,S & P Versicherungskanzlei KG,823798,dPzkx
128873 | ScHe | Optikhaus Binder - Inh Katrin Samhaber-Binder,Binder Optikhaus - Inh Katrin Samhaber-Binder,128873,RZGWK
"814845 | SchE, PaGe | Alpen Chalet - Robert Möschl FP",Alpen-Chalet-Hochzillertal,826906,6xDZx
336206 | WaVe| Fliesenparadies Manuela Steffel FP,Fliesenparadies,336206,ccBm4
835962 | WaVe | Puellgut FP,Puellgut,835962,p8tbh
565054 | WaVe | Pflegeheim Neubauer GmbH FP,Pflegeheim Neubauer GmbH,565054,bvTBN
899226 | PaGe | WJESS & PARTNER FP1,WJESS & PARTNER,899226,hLDlS
899226 | PaGe | WJESS & PARTNER FP2,WJESS & PARTNER,899226,hLDlS
81212 | DaNi | Hotel Neuwirt - Kirchner Josef All In FP,Landgasthof Neuwirt,81212,11gpN
622020 | DaNi | Gästehaus Bergruh - Fankhauser FP,Gästehaus Bergruh,622020,j2WCF
87918 | ScHe | Malerei Egger KG FP,Malerei Egger KG,87918,plBwW
561458 | BiMa | Hale GmbH Glass Inspiration FP,HALE GmbH,561458,dMlT5
800728 | WaVe | Bernhofer Wolfgang-Meisterfachbetrieb für Ofenbau FP,Bernhofer Wolfgang - Meisterfachbetrieb für Ofenbau,800728,VbZwp
450013 | WaVe | Tropic Sun Sonnen- u Massagestudio FP,Tropic Sun Sonnen- u Massagestudio,450013,5QjpB
82725 | WaVe | Hotel Garni Sonnhof FP,Hotel Garni Sonnhof,82725,ZN5Tr
899907 | ScHe | IBT-Transport & Logistik GmbH FP,IBT-Transport GmbH,872259,1s4BF
814707 | SchE | Wilhelm jun Rauch All in FP,Wilhelm jun Rauch,814707,FTzbM
227679 | WaVe | WEISS KUHM Druck FP,Ilona Weiss-Kuhm,227679,Wx252
240130 | BoSt DaNi | CORDIAL Appartements FP,Cordial Appartements,240130,dK2fM
432741 | ScHe | Aichberger Schilder-Pokale-Stempel GmbH All In FP,Rainer Aichberger,432741,qWmRm
897568 | DaNi | Businesscentergmbh All In FP,Businesscentergmbh,897568,Rhngz
600512 | BoSt WaVe | Optik Ruck - Pospischill & Partner OG FP 2,OPTIK Ruck,600512,SMvrf
557782 | ScHe | G.Pfatschbacher GmbH All In FP,Pfatschbacher GesmbH,557782,PRxSR
27791 | SchE | Josef Herbeck FP,Herbeck Josef Individuelle  Ballonfahrten Wieselburg,27791,VS22b
454139 | WaVe | Bruckner + Ullrich Rechtsanwälte FP,Bruckner & Emberger & Ullrich- Pansi Rechtsanwälte OG,454139,DjGVn
898705 | WaVe | Mild Gastronomie GmbH All In FP,Mild Gastronomie GmbH,898705,chz3d
883793 | WaVe | Reiterhof Scherhäufl Ranch | All In FP,Reiterhof Scherhäufl Ranch,883793,SQKqt
780730 | WaVe | Roman Tinkhauser e.U. FP,Roman Tinkhauser e.U.,780730,LbFkF
872943 | ScHe | Ferienwohnung Flörl All In FP,Ferienwohnung Flörl,872943,lFcPF
231661 | ScHe | Int. Möbelsped. R. Gruber GesmbH AllIn FP,Gruber Umzüge,231661,XghdK
871441 | DaNi | Malerei Art Moni-Ja e.U. FP,Monika Zlabinger,871441,DmpK9
"736780 | PaGe | Werner Zainzinger MBA, Landesdirektion für die OVB FP","Werner Zainzinger, MBA  Landesdirektion für die OVB,  Gewerbl Vermögensberater",736780,qbM5f
84220 | BoSt | Hotel Völserhof Benedikt Lang FP,Hotel Völserhof Benedikt Lang,84220,mZChw
887909 | BoSt | Anna's Haustierservice FP,Anna´s Haustierservice,887909,WKz94
101257 | ScHe | Estriche Pertl - Alfred Pertl FP,Estriche Pertl - Alfred Pertl,786722,hKGtS
873563 | BoSt | Ferienwohnung Sägemühle FP,Ferienwohnung Sägemühle,873563,2bjct
892213 | ScHe | Sasso D'Oro FP,sasso d'oro,892213,X4fqw
745354 | PaGe | Clima Tech Service GmbH FP,Clima Tech Service GmbH,745354,QwrNW
433470 | BiMa | Reisebüro KUONI - NEPAL REISEN -  Georg Wenisch GmbH FP,Reisebüro KUONI,433470,Wzlmq
835503 | Haus Rali,Haus Rali,835503,PVK8D
427779 | WaVe | Michael Baumhackl FP,Michael Baumhackl,427779,2VvxG
879351 | WaVe | Ewald Maier FP,Maler Ewald,879351,Dmscb
892831 | PaGe | Kerzendiele FP,Kerzendiele,892831,Bc3WZ
654197 | WaVe | Bacher Bernhard - DA HOIZWURM | FP,Bacher Bernhard - DER MOBILE  HOLZWURM,654197,6C6lF
897376 | PaGe | Ramona Morla De Weninger FP,Morla De Weninger Ramona,896790,lzSDx
814210 | Scheffler Steffen Gärtnerische Dienstleistungen FP,Scheffler Steffen Gärtnerische Dienstleistungen,814210,Ts3fv
833421 | ScHe | Jugendgästehaus Steiner FP,Jugendgästehaus Steiner,833421,nQDdn
177057 | PaGe | Hotel Central,Hotel Central,177057,Dfv74
114608 | PaGe | Gartencenter Mairhofer FP,Gartencenter Mairhofer,114608,CC5JV
892154 | WaVe | Tischlerarbeiten Moosbrucker FP,"Tischlerarbeiten Moosbrucker,  Alexander Moosbrucker",892154,dQZCz
68423 | WaVe | Gasthof Kemmetmüller Franz Mayerhofer AllIn FP,Gasthof Kemmetmüller,68423,BS39v
37744 | BiMa | Hotel Alte Krone FP,Hotel Restaurant  Alte Krone  Familie Kaufmann,37744,VS69j
709623 | CityM e.U.,CityM Gruppe - Hausbetreuung,709623,gZxsz
736027 | DaNi | HE -TECH Elektrotechnik All In FP,HE-TECH Elektrotechnik,736027,dPFBj
818639 | PaGe | Stefan Wilson Jazz FP,SW Vermietungs- und Verwaltungs GmbH (ehem. Dr. Stefan Wilson),818639,vFJgR
720683 | WaVe | Shés Beauty Oase - Eva Hautz FP,Eva Hautz,720683,Qwf73
809543 | BoSt | AMB Norbert Dürner FP,Norbert Dürner,809543,FTwQz
654300 | BiMa | Energie + Umwelt Verfahrenstechnik FP,Energie + Umwelt Verfahrenstechnik GmbH,654300,gZTqw
418768 | WaVe | Point Wagrain Restaurant & Bar | FP,Gasthof Point,418768,md43R
88203 | WaVe | Sporthaus Troger FP,Sporthaus Troger,88203,G6Rtn
96083 | BiMa | Gipfelhaus Magdalensberg FP,Gipfelhaus Magdalensberg Familie Skorianz,96083,WvtGN
502938 | WaVe | Otmar Müller Elektrotechnik FP,Elektro Müller Otmar,502938,jk9V3
692260 | WaVe | Bell Michaela Immobilien | FP,Bell Michaela Immobilien,692260,vDF3H
716610 | BoSt | Konrad Sokolowski FP,KS - TROCKENBAU,716610,ZTSVH
238909 | ScHe | Waffen-Dorfner FP,Franz Dorfner,238909,Ngbln
352020 | ScHe | STEINKOGLER Dach+Wand Gesmbh FP,Steinkogler GesmbH,352020,CF6Bf
772 | PaGe | Reinhold Woschitz Holzfachhandel FP,Reinhold Woschitz,772,65Xc3
670629 | PaGe | Energethik-Massage-Fachinstitut Christine Gosch FP,Energethik - Massage - Fachinstitut Christine Gosch,670629,HfjH7
83227 | PaGe | Gasthof Nigglgut FP,Gasthof Nigglgut,83227,RXsVm
404503| BiMa | Reisebüro Gratkorn FP,Reisebüro Gratkorn GmbH,404503,tR8Hf
119289 | BoSt | Bayer Glasverarbeitungs- u HandelsgesmbH FP,Bayer Glasverarbeitungs- u HandelsgesmbH,119289,bqhW8
696974 | PaGe | Detektei Schätz FP,Detektei Schätz Inh Christopher-Clemens Schätz,696974,XlfQV
626651 | ScHe | Gerald Holzmann FP,Gerald Holzmann,626651,QCC3z
623380 | BoSt | Box ULBG - Umzug-Logistik-GmbH FP,Box ULBG - Umzug-Logistik-GmbH,623380,QvpbG
895193 | DaNi | Die Holzmeister FP,Die Holzmeister,895193,snflh
519843 | DaNi | Gratzenhof FP,Gratzenhof,519843,8LvTR
857274 | BoSt | Sendy-Transporte FP,Sendy-Transporte,857274,Vc4Tp
"415338 | PaGe | Diagnosticum, Röntgenambulatorium AllIn FP","Diagnosticum, Röntgenambulatorium Gersthoferstr f bildgebende Diagnostik GmbH",415338,rGH6f
174591 | BoSt | Tragler GmbH FP,Tragler GmbH,174591,HZTgt
898313 | ScHe | Haus Romnig Familie Georg und Maria Kreuter FP,"Kreuter Georg / Angela vlg Romnig,",898313,jnW9v
870921 | BoSt | Hotel- Restaurant Lindwurm FP,Hotel - Restaurant Lindwurm,870921,CKVJS
215105 | BoSt | Gasthof-Pension Eberleiten FP,Gasthof Eberleiten - Jugend- & Aktivhotel,215105,8JKZJ
790647 | BoSt | Salvenalm FP,Salvenalm,790647,dPhwP
619779 | BoSt | Certo Café Bar FP,Certo Café Bar,619779,vwGl7
851023 | WaVe | Höfinger-Gosireco GmbH - Geld für Gold FP,Höfinger-Gosireco GmbH - Geld für Gold FP,851023,vzF4N
895215 | BoSt |Sonja Hofstetter FP,onja Hofstetter FP,895215,8Q6q6
560545 | PaGe | Fisch Peer Inh. Josef Peer 2,Fisch Peer Inh. Josef Peer 2,560545,WHBp9
806500 | BiMa |  Autohaus Stadelbauer FP, Autohaus Stadelbauer FP,806500,Xmb3k
850808 | BoSt | Santiago Lounge Cafe & Bar FP,Santiago Lounge Cafe & Bar FP,850808,D3zq3
821799 | BiMa | Aktiv Klima FP,Aktiv Klima FP,821799,T8Rvl
892551 | WaVe | Easy Onlinehandel FP,Easy Onlinehandel FP,892551,Hhbj8
367553 | DaNi | Kraft Abdichtungs GesmbH FP,Kraft Abdichtungs GesmbH FP,367553,RcHwL
894988 | WaVe | Rivivere e.U. FP,Rivivere e.U. FP,894988,bzHbk
845279 | CS - Clean - Service Gebäudereinigung, CS - Clean - Service Gebäudereinigung,845279,nQKZn
"338496 | SaTH, WaVe | Trend Product HandelsgesmbH FP",Trend Product HandelsgesmbH FP,338496,hFSD1
9106 | BoSt | Öpula Rohstoff-Recycling FP,Öpula Rohstoff-Recycling FP,9106,jdxpq
803272 | Move Surfstore, Move Surfstore,803272,4m53V
855826 | Dr. Jan van Uem, Dr. Jan van Uem,855826,DmgpT
734812 | BoSt | Gasthof Mamooserhof FP,Gasthof Mamooserhof FP,734812,T7jhV
434423 | BoSt | Malerbetrieb Mimm Alexander FP,Malerbetrieb Mimm Alexander FP,434423,FQlCS
106154 | ScHe | Friseur Rene und Robert Gerhardt FP,Friseur Rene und Robert Gerhardt FP,106154,mZNqZ
881705 | Buffet-Betriebe Berger, Buffet-Betriebe Berger,881705,Dmtbd
513864 | DaNi | Fahrschule Scharinger Ferdinand FP,Fahrschule Scharinger Ferdinand FP,513864,LWzb1
881238 | PaGe | NOVADENT FP,NOVADENT FP,881238,bz9s7
826364 | Dani | Residenz Alexado Tirol FP,Residenz Alexado Tirol FP,826364,dQ1pK
87991 | PaGe | Tauern-Apotheke,Tauern-Apotheke,87991,T2DJ5
854491 | BoSt | Zahnarztpraxis Laa Dent Dr. Arthur Baraev FP,Zahnarztpraxis Laa Dent Dr. Arthur Baraev FP,854491,RhQkr
730539 | DaNi | IMMOcon Immobilienconsulting,IMMOcon Immobilienconsulting,730539,4lRl9
466210 | BoSt |Hotel Gasthof Tirolerhof Dölsach All In FP,otel Gasthof Tirolerhof Dölsach All In FP,466210,ppPTm
218441 | SchE | Hotel Zum Brauhaus GmbH FP,Hotel Zum Brauhaus GmbH FP,218441,Rb2qF
162167 | SchE | Unger Company Veranstaltungsservice GmbHm FP,Unger Company Veranstaltungsservice GmbHm FP,162167,9lBK2
861491 | ScHe | Hans Doris Ferienwohnung FP,Hans Doris Ferienwohnung FP,861491,Nmt4X
850311 | BoSt | Pronto Clean Gebäudereinigung FP,Pronto Clean Gebäudereinigung FP,850311,kVm5K
392714 | WaVe | Daniel Fleisch GmbH Hotel Both FP,Daniel Fleisch GmbH Hotel Both FP,392714,jjDbZ
889887 | PaGe | Pharma- und Drogistenmuseum FP,Pharma- und Drogistenmuseum FP,889887,5VS2C
54643 | ScHe | kremstaler veranstaltungstechnik FP,kremstaler veranstaltungstechnik FP,54643,XfBtj
725712 | BoSt | Michael Lindenberger FP,Michael Lindenberger FP,725712,7g2Kp
851327 | BiMa | PEER PR | Kommunikationsberatung FP (Key Account),PEER PR | Kommunikationsberatung FP (Key Account),851327,CKL8b
514535 | WaVe | Seewinkler Party Service Peter Paar FP,Seewinkler Party Service Peter Paar FP,514535,qXSW3
95987 | WaVe | Kärntner Stubn FP,Kärntner Stubn FP,95987,3vPZ5
44210 | DaNi | Cést la vie (zusätzliche APP) FP,Cést la vie (zusätzliche APP) FP,44210,QptMS
599879 | PaGe | ATTIA - La Genovese Caffé FP,ATTIA - La Genovese Caffé FP,599879,bvmh6
361289 | WaVe | Siamak Teppichcenter FP,Siamak Teppichcenter FP,361289,Cxpwr
875072 | PaGe | Boutique Exklusive & Ischler Teestube,Boutique Exklusive & Ischler Teestube,875072,KsP7X
881548 | ScHe | Reiter Sepp_s Chill Out FP,Reiter Sepp_s Chill Out FP,881548,kW35p
512816 | Fahrschule Peter, Fahrschule Peter,512816,WGmw6
776515 | DaNi | Steinmetzbetrieb Trinkl FP,Steinmetzbetrieb Trinkl FP,776515,FTfgw
857491 | ScHe |Express Taxi DDS OG FP,xpress Taxi DDS OG FP,857491,98R2G
475860 | DaNi | Osteria am Schillerpark FP,Osteria am Schillerpark FP,475860,FR6S7
639733 | ScHe | Unterkofler GmbH - Almdorf Reiteralm FP,Unterkofler GmbH - Almdorf Reiteralm FP,639733,vCn9J
896791 | WaVe| Security Concepts + Solutions House Service Schwarz e.U. All In FP,Security Concepts + Solutions House Service Schwarz e.U. All In FP,896791,mj782
691809 | DaNi | Haus Wiesengrund Sporer Heinrich u Michaela FP,Haus Wiesengrund Sporer Heinrich u Michaela FP,691809,X2xN4
798267 | PaGe | Energiezentrum Sonnleitner - Gabriel Sonnleitner FP,Energiezentrum Sonnleitner - Gabriel Sonnleitner FP,798267,MK3wB
809642 | BoSt| Fußpflege-Salon Anna FP,Fußpflege-Salon Anna FP,809642,smw7l
245376 | Wave| Haus Verena FP,Haus Verena FP,245376,tPn29
408302 | BoSt | Gasthaus-Pension Sonnenhof - Fam. Krauk FP,Gasthaus-Pension Sonnenhof - Fam. Krauk FP,408302,G9BDQ
221160 | SchE | Decker's Garten FP,Decker's Garten FP,221160,lrjqb
626628 | BoSt | learnangel FP,learnangel FP,626628,2XcmP
894537 | ScHe | Petra Tauber FP,Petra Tauber FP,894537,Tsk7F
791176 | BiMa | AGUS Gas-Wasser-Heizung,AGUS Gas-Wasser-Heizung,791176,K83HL
862786 | BoSt | Becker Fahrzeugverleih FP,Becker Fahrzeugverleih FP,862786,X4PbN
893331 | BoSt | Team RSR FP,Team RSR FP,893331,vzbgp
"802760 | PaGe | Agentur ""Bestens Betreut"" FP","Agentur ""Bestens Betreut"" FP",802760,s4DMG
883630 | BiMa | Seniorenresidenz Itzelberger See FP,Seniorenresidenz Itzelberger See FP,883630,Lc7bF
601774 | ScHe | Morscher Bau- u Projektmanagement GmbH FP,Morscher Bau- u Projektmanagement GmbH FP,601774,7dxjS
77582 | DaNi | Hotel Heigenhauser FP,Hotel Heigenhauser FP,77582,SHT4c
402416 | PaGe | Salon Karin FP,Salon Karin FP,402416,JL5SQ
7194 | Aichinger Hoch- u Tiefbau GmbH - LIA HAUS FP, Aichinger Hoch- u Tiefbau GmbH - LIA HAUS FP,7194,5LxN4
175186 | BoSt | Gasthaus Stern AllIn FP,Gasthaus Stern AllIn FP,175186,sgWsg
244154 | BoSt | Prim. Dr. Peter Jiru FP,Prim. Dr. Peter Jiru FP,244154,134gk
887489 | BiMa | Ökoled by Siller GmbH FP,Ökoled by Siller GmbH FP,887489,5VR2G
778667 | BoSt | Naturpark - Gasthaus FP,Naturpark - Gasthaus FP,778667,1rGCC
67975 | Autohaus Innerbichler, Autohaus Innerbichler,67975,CvKmr
71779 | WaVe | Gasthaus Michaelerhof FP,Gasthaus Michaelerhof FP,71779,rCM2F
8437411 | BoSt |  Hotel Diana (Ruhpolding) FP, Hotel Diana (Ruhpolding) FP,8437411,
823566 | SchE | Friseursalon Andre FP,Friseursalon Andre FP,823566,GxM5F
742059 | BoSt | NIRO-POOL FP,NIRO-POOL FP,742059,kTr16
67543 | DaNi | Jugendhotel Noichl FP,Jugendhotel Noichl FP,67543,FMdP7
791666 | PaGe | Dr. med. dent. Dana Alexandru FP,Dr. med. dent. Dana Alexandru FP,791666,ch4S9
127429 | Salon Hair 19 - Wolfgang Batelka, Salon Hair 19 - Wolfgang Batelka,127429,mZZhl
772406 | ScHe | Projekt Alpha e.U. - Peter Singer FP,Projekt Alpha e.U. - Peter Singer FP,772406,lxPQV
729650 | DaNi | A Casa Vermietungs GmbH Mario Karlinger FP,A Casa Vermietungs GmbH Mario Karlinger FP,729650,Nlm8v
125009 | DaNi | ELMO Angelika Göth FP,ELMO Angelika Göth FP,125009,plVNT
893415 | PaGe | Hofmann Service für Haus Garten Gebäudereinigung FP,Hofmann Service für Haus Garten Gebäudereinigung FP,893415,98kzP
CS Adventkalender Hauptgewinn | BiMa | SummitLynx FP,SummitLynx FP,,
894770 | BiMa | Restaurant Pizzeria Jagersberg FP,Restaurant Pizzeria Jagersberg FP,894770,LcDDb
725021 | Bost | NN Nußbaumer - Bauservice FP,NN Nußbaumer - Bauservice FP,725021,5T4Lb
452084 | Medical & Beauty in Balance, Medical & Beauty in Balance,452084,Knnx8
73626 | ScHe | Hotel Regina FP,Hotel Regina FP,73626,3vDFk
892576 | BoSt | Diamonds-Reinigung FP,Diamonds-Reinigung FP,892576,lFmZv
894536 | BoSt | PM Stone FP,PM Stone FP,894536,VcN2G
293020 | BoSt | HTS Heizung - Technik - Service GmbH FP,HTS Heizung - Technik - Service GmbH FP,293020,SKJnJ
80566 | ScHe | Ferienhaus Alpina FP,Ferienhaus Alpina FP,80566,BS8Dk
885712 | BoSt | Natascha Kiss Med. Fusspflegerin und Kosmetikerin FP,Natascha Kiss Med. Fusspflegerin und Kosmetikerin FP,885712,Qz3qz
894776 | PaGe | Benjamin Golger FP,Benjamin Golger FP,894776,GFJqS
893940 | PaGe | Stocki´s Holz Design Beratung-Planung-Service FP,Stocki´s Holz Design Beratung-Planung-Service FP,893940,N4Vgk
861317 | ScHe | Eberharter- Dengg Sonnenappartment FP,Eberharter- Dengg Sonnenappartment FP,861317,f8xGh
103175 | PaGe | Erich Folkhard Buchbinderei FP,Erich Folkhard Buchbinderei FP,103175,JHWqS
875597 | First Floor - Ingrid Feichtner, First Floor - Ingrid Feichtner,875597,PVfqS
656854 | BoSt |Asiatisches Restaurant - Lemongrass FP,siatisches Restaurant - Lemongrass FP,656854,MHr3C
638898 | PaGe | Franz Gegenleitner Tischlerei FP,Franz Gegenleitner Tischlerei FP,638898,422gt
357105 | BiMa | Belfin Inh Michael Steinbacher FP,Belfin Inh Michael Steinbacher FP,357105,5Pw76
168239 | PaGe | Auto Pol Auto-Ersatzteile u Zubehör FP,Auto Pol Auto-Ersatzteile u Zubehör FP,168239,sgSzt
790329 | PaGe | HCA Elektrotechnik GmbH FP,HCA Elektrotechnik GmbH FP,790329,rKSHW
829291 | BiMa | Haus Bergblick FP,Haus Bergblick FP,829291,183NJ
22235 | DaNi | Franz Schroll FP,Franz Schroll FP,22235,BRdwJ
132400 | BoSt | Fahrschule Aspern FP,Fahrschule Aspern FP,132400,p2vZH
"895593 | PaGe | Pro-Ton ""Christoph"" FP","Pro-Ton ""Christoph"" FP",895593,CKjZz
97895| WaVe | Seehotel Ressmann FP,Seehotel Ressmann FP,9789,NdfKs
600512 | BoSt | Optik Ruck - Pospischill & Partner OG FP,Optik Ruck - Pospischill & Partner OG FP,600512,SMvrf
570758 | BiMa | Junek Consulting FP,Junek Consulting FP,570758,s2FkW
158209 | BiMa | Hotel Sonne,Hotel Sonne,158209,br2kQ
260159 | BoSt | Moser GmbH FP,Moser GmbH FP,260159,3wnwW
196495 | ScHe | Steuerberatung Kaar FP,Steuerberatung Kaar FP,196495,kPCm8
325508 | PaGe | Sachs & Co FP,Sachs & Co FP,325508,p4Z1G
868862 | BiMa | Deleatur Fritz Csudly FP,Deleatur Fritz Csudly FP,868862,kVvnv
568615 | Apotheke Haid Center, Apotheke Haid Center,568615,2X7cS
77843 | BoSt | Pension Feichter FP,Pension Feichter FP,77843,Tkmz2
885952 | DaNi | Dollhaus Heidenheim FP,Dollhaus Heidenheim FP,885952,7hN52
161668 | ScHe | Eisenrigler VW Skoda Audi Servicebetrieb FP,Eisenrigler VW Skoda Audi Servicebetrieb FP,161668,jgGML
309633 | SchE | Günther Grössl FP,Günther Grössl FP,309633,shgsT
544752 | DaNi | Jugendhotel Veronika FP,Jugendhotel Veronika FP,544752,p6QJd
728986 | BoSt | Parkett Steurer FP,Parkett Steurer FP,728986,CJJBq
451933 | BoSt | Pizzeria Rustica FP,Pizzeria Rustica FP,451933,vBBwf
768029 | BoSt | M.A.R.S. EntsorgungsgmbH FP,M.A.R.S. EntsorgungsgmbH FP,768029,gbSCw
837559 | Ferienhaus Auerhof, Ferienhaus Auerhof,837559,sn9lT
352990 | BoSt | Siegfried Waldboth FP,Siegfried Waldboth FP,352990,qW6FC
83378 | BoSt | Art & Ski in Hotel Hinterhag FP,Art & Ski in Hotel Hinterhag FP,83378,nHrFn
48253 | DaNi | Meißnitzer KG Gasthof Tetter FP,Meißnitzer KG Gasthof Tetter FP,48253,1k3zn
77547 | DaNi | Gasthof Rose FP,Gasthof Rose FP,77547,3vFsl
862402 | PaGe | Hairstyling Lounge FP,Hairstyling Lounge FP,862402,ZVjDd
127893 | BoSt | Gasthof Auer FP,Gasthof Auer FP,127893,ZNSJf
"82862 | BiMa | Gasthof ""Zum wilden Kaiser"" FP","Gasthof ""Zum wilden Kaiser"" FP",82862,f2L3r
728314 | DaNi | Fried Barbara - Vitalstudio,Fried Barbara - Vitalstudio,728314,frSmN
261889 | BoSt | Hubertushof FP,Hubertushof FP,261889,tPvt9
278298 | PaGe | Golfpark Klopeinersee-Südkärnten GmbH & Co KG FP,Golfpark Klopeinersee-Südkärnten GmbH & Co KG FP,278298,T3qXt
854193 | BiMa | Kriechhammer Johann FP,Kriechhammer Johann FP,854193,lz6Td
338613 | PaGe | Wolfgang Klapsch,Wolfgang Klapsch,338613,MxnNW
98331 | PaGe | Autoglas-Seidel FP,Autoglas-Seidel FP,98331,MvlJp
90347 | PaGe | Gasthaus Seisenbergklamm FP,Gasthaus Seisenbergklamm FP,90347,8HGcD
337072 | BiMa | Johann Dornauer Fleischhauer FP,Johann Dornauer Fleischhauer FP,337072,FPvfj
126138 | SaTh | Klavierhaus A. Förstl GmbH FP,Klavierhaus A. Förstl GmbH FP,126138,Kl3CB
602835 | BiMa | Club Freiheitlicher Gemeinderäte FP,Club Freiheitlicher Gemeinderäte FP,602835,bC92N
438109 | BoSt | Videosecur HandelsgesmbH FP,Videosecur HandelsgesmbH FP,438109,ltZC7
880769 | SchE | FotografieHoch2 FP,FotografieHoch2 FP,880769,snWlK
800764 | ScHe | SCARLETT'S art of nails FP,SCARLETT'S art of nails FP,800764,6DLnP
46890 | Reisinger Christof Bau und Möbeltischlerei, Reisinger Christof Bau und Möbeltischlerei,46890,Q6Gb7
829888 | SchE | Ferienwohungen Fabienne FP,Ferienwohungen Fabienne FP,829888,X47t1
385591 | BiMa | UNIKA Natursteinwerk FP,UNIKA Natursteinwerk FP,385591,Dhgxr
877398 | BiMa | Hundetraining Gabriele Dangl,Hundetraining Gabriele Dangl,877398,pstlM
891935 | BiMa | Nightclub Tentigo FP,Nightclub Tentigo FP,891935,CKh4K
771216 | BiMa | Optiker Häupl FP,Optiker Häupl FP,771216,Rgk4M
889144 | BoSt | MEXITALIA OG FP,MEXITALIA OG FP,889144,WKzgG
869863 | IL Tiempo FP, IL Tiempo FP,869863,hKzWD
613389 | SchE | Surf-Kiteshop Upside Down Böhm KG FP,Surf-Kiteshop Upside Down Böhm KG FP,613389,LXq37
584069 | BoSt | RE/MAX - Renata Wäckerle DCI Fetscher & Partner KG FP,RE/MAX - Renata Wäckerle DCI Fetscher & Partner KG FP,584069,WHNcF
105125 | DaNi | Autohaus Gaberszik,Autohaus Gaberszik,105125,v7FTw
468533 | ScHe | Altes Holzhaus FP,Altes Holzhaus FP,468533,Hd16j
344597 | DaNi | Sporthotel Wagrain FP,Sporthotel Wagrain FP,344597,G8dhK
765444 | ScHe | Astecker Tina OA FP,Astecker Tina OA FP,765444,T7zRf
596008 | DaNi| Autohaus Pichler Fritz Pichler GmbH All In FP,Autohaus Pichler Fritz Pichler GmbH All In FP,596008,qZ9Rl
145016 | BoSt | Rudolf Franz Sklenar GesmbH FP,Rudolf Franz Sklenar GesmbH FP,145016,9l3B1
822902 | ScHe | Ferienhof Pramfeld Pauline & Herbert Retschitzegger FP,Ferienhof Pramfeld Pauline & Herbert Retschitzegger FP,822902,lxqS3
538491 | ScHe| Bridges Transportgesellschaft FP,Bridges Transportgesellschaft FP,538491,419rm
221175 | SchE | Heuer OG FP,Heuer OG FP,221175,dJrlW
684309 | DaNi |RUWIES Wellness & Vitalcompany FP,UWIES Wellness & Vitalcompany FP,684309,gZlLM
258545 | PaGe | Werdinig & Wendl GesmbH FP,Werdinig & Wendl GesmbH FP,258545,3D8MX
470155 | SaTh | Elektrotechnik Illmer,Elektrotechnik Illmer,470155,SLpZJ
477930 | BoSt | Haberz GmbH FP,Haberz GmbH FP,477930,ZRR6G
730787 | PaGe | DDr. Wolfgang Seemann FP,DDr. Wolfgang Seemann FP,730787,CJJwb
847131 | PaGe | D.M.S. KFZ-technik GmbH FP,D.M.S. KFZ-technik GmbH FP,847131,rKwwl
857521 | PaGe | Almhütte Gasserhütte FP,Almhütte Gasserhütte FP,857521,bxz16
888398 | PaGe | 60er - Bramel Sabrina FP,60er - Bramel Sabrina FP,888398,Bc1h6
235748 | DaNi | Pizzeria Taverna FP,Pizzeria Taverna FP,235748,vs1nl
245751 | PaGe | Neudorfhofer GesmbH FP,Neudorfhofer GesmbH FP,245751,93FDm
351619 | ScHe | Nägele Tiefbau GmbH FP,Nägele Tiefbau GmbH FP,351619,NhXj1
"294898 | Antlinger GmbH, Handel und Transporte"," Antlinger GmbH, Handel und Transporte",294898,7bLth
487082 | BoSt | Zitt Transporte FP,Zitt Transporte FP,487082,3G5XZ
330488 | BoSt | Horst Muralter FP,Horst Muralter FP,330488,p4c4t
857024 | Aesthetic Center Dr. Arco FP, Aesthetic Center Dr. Arco FP,857024,QxntV
891563 | BoSt | refill - Druckertankstelle - EDV Service FP,refill - Druckertankstelle - EDV Service FP,891563,sndFc
649801 | BoSt | Elektrotechnik-Wurm GmbH,Elektrotechnik-Wurm GmbH,649801,cfrMx
857996 | PaGe | Pizzeria Al Pacino FP,Pizzeria Al Pacino FP,857996,K8c72
115553 | PaGe | Acet HandelsgmbH Rodinger Lagertechnik FP,Acet HandelsgmbH Rodinger Lagertechnik FP,115553,VSlZf
785619 | BoSt | Metallverarbeitung Koreny FP,Metallverarbeitung Koreny FP,785619,WK6XV
766288 | PaGe | Salzburg-Services FP,Salzburg-Services FP,766288,cgqtF
891351 | BoSt | Scholz Lasersolution FP,Scholz Lasersolution FP,891351,3KVvx
631379 | PaGe | Adventure Club Kaiserwinkl FP,Adventure Club Kaiserwinkl FP,631379,pqpHZ
230132 | PaGe | Karin Gruber FP,Karin Gruber FP,230132,mbRSk
328977 | SchE | MOTEC GmbH FP,MOTEC GmbH FP,328977,FPrHV
239479 | PaGe | HTS Int Transport FP,HTS Int Transport FP,239479,GrNp6
654704 | DaNi | Teppichwerkstatt Einy FP,Teppichwerkstatt Einy FP,654704,429GS
805018 | DaNi | New Melon Cafe-Bar FP,New Melon Cafe-Bar FP,805018,QxMF9
852185 | PaGe | Dachfenster Cochran FP,Dachfenster Cochran FP,852185,HhFtL
533566 | SaTh | Bet At Home Italien FP,Bet At Home Italien FP,533566,GBFNq
533566 | SaTh | Bet At Home Deutschland FP,Bet At Home Deutschland FP,533566,GBFNq
533566 | SaTh | Bet At Home Österreich FP,Bet At Home Österreich FP,533566,GBFNq
102388 | SchE | Ritterwirt Kapun FP,Ritterwirt Kapun FP,102388,rCclv
847611 | PaGe | TeamTherapie FP,TeamTherapie FP,847611,MKSTC
871387 | BoSt | edition.sign AG FP,edition.sign AG FP,871387,QFGzb
109397 | ScHe | Happy Mototours FP,Happy Mototours FP,109397,vqwB9
587442 | PaGe | Toni's Fliesen FP,Toni's Fliesen FP,587442,9pnR6
188502 | PaGe | Dr. Irene Seemann,Dr. Irene Seemann,188502,lrRF6
740060 | ScHe | Cafe-Pension Brandl FP,Cafe-Pension Brandl FP,740060,QD9HR
732878 | PaGe | Dr. Wolfgang Furtlehner,Dr. Wolfgang Furtlehner,732878,dPCsR
122686 | SaTh | Fritz Brennig Perücken FP,Fritz Brennig Perücken FP,122686,SHrr6
207500 | Ing. Mag. arch. Peter Durstmüller, Ing. Mag. arch. Peter Durstmüller,207500,WwqgC
592328 | BiMa | Tierambulanz Brigittenauerlände FP,Tierambulanz Brigittenauerlände FP,592328,6vDsf
810940 | BiMa | Elite Personenbeförderung FP,Elite Personenbeförderung FP,810940,hKSzj
569783 | BiMa | Die blaue Apotheke,Die blaue Apotheke,569783,CGwsn
44928 | DaNi | Stadtfriseur D & D Haarkunst FP,Stadtfriseur D & D Haarkunst FP,44928,hBxwp
689616 | DaNi | Landhaus Zeller FP,Landhaus Zeller FP,689616,Rg354
889412 | ScHe | Hackl Jürgen JAMES PARKER FP,Hackl Jürgen JAMES PARKER FP,889412,Nn7hM
721845 | BoSt | Werkstätten am Steinebach Lerch & Oberer GnbR FP,Werkstätten am Steinebach Lerch & Oberer GnbR FP,721845,tTqS2
419126 | Apotheke-Raabtal, Apotheke-Raabtal,419126,JLDQR
716399 | APOTHEKE im Zentrum FP, APOTHEKE im Zentrum FP,716399,97FFq
109990 | SaTh | Apotheke zum Tiroler Adler FP,Apotheke zum Tiroler Adler FP,109990,8HQn6
845945 | DaNi | ICARUS OG FP,ICARUS OG FP,845945,QF4NM
74113 | EgJe | Hermann Jenewein BaugesmbH FP,Hermann Jenewein BaugesmbH FP,74113,T26Vr
622280 | ScHe | Ärztinnen f Frauen - Dr. Judith Imhof FP,Ärztinnen f Frauen - Dr. Judith Imhof FP,622280,vwHn9
834218 | DaNi | Hooruck Alm,Hooruck Alm,834218,PVJc1
20502 | City-Hotel GmbH FP, City-Hotel GmbH FP,20502,5M4vf
260543 | BoSt | Benko Büro- u Datenverarbeitungsschule m Öffentlichkeitsrecht,Benko Büro- u Datenverarbeitungsschule m Öffentlichkeitsrecht,260543,4gS1P
879583 | BiMa | Accessoiresshop - Josef Lecker FP,Accessoiresshop - Josef Lecker FP,879583,qcZZ1
452319 | SchE | Olachgut Camping FP,Olachgut Camping FP,452319,vtr1Z
891877 | BiMa | Smart & Trendy Imageberatung FP,Smart & Trendy Imageberatung FP,891877,lFmHf
618310 | BiMa | Friesacher Immobilien FP,Friesacher Immobilien FP,618310,SN5Gs
538732 | BiMa | Aparthotel Garni Asterhof FP,Aparthotel Garni Asterhof FP,538732,PRnWg
723255 | BiMa | Rudolph's Revier - Tannenland FP,Rudolph's Revier - Tannenland FP,723255,mgdrS
890509 | BiMa | Hofschenke Zum schwarzen Beck FP,Hofschenke Zum schwarzen Beck FP,890509,K8sfX
811846 | BiMa | Ernährungsberatung & Personal Training Sölder FP,Ernährungsberatung & Personal Training Sölder FP,811846,bxZxx
90460 | SchE | Frühstückspension Leitinger FP,Frühstückspension Leitinger FP,90460,sfpbZ
720545 | DaNi | Karin Haselsteiner FP,Karin Haselsteiner FP,720545,JNmxr
750342 | BoSt | Pfiff - Das Restaurant am Golfplatz FP,Pfiff - Das Restaurant am Golfplatz FP,750342,vDkDd
522654 | Tourismus & Stadtmarketing Hohenems GmbH FP, Tourismus & Stadtmarketing Hohenems GmbH FP,522654,SMGQj
688899 | BiMa | Schellander Norbert FP,Schellander Norbert FP,688899,8NLtZ
482648 | SaTh | Fenster Wedl,Fenster Wedl,482648,2WNp3
401714 | SaTh | Michael Gruber Steinmetzmeister,Michael Gruber Steinmetzmeister,401714,JL5B6
108397 | BiMa | Naturkosmetik Gabriela Schachner FP,Naturkosmetik Gabriela Schachner FP,108397,9252d
805376 | BiMa | Speedfit Dornbirn,Speedfit Dornbirn,805376,5TkpT
79800| Domus Einrichtungen FP, Domus Einrichtungen FP,7980,l6G8w
595970 | Vital Plus Fitnessanlage GmbH FP, Vital Plus Fitnessanlage GmbH FP,595970,GvQHQ
816400 | BoSt | Doris Kunisch FP,Doris Kunisch FP,816400,bxcrt
645783 | P & P Haarstudio Kupka FP, P & P Haarstudio Kupka FP,645783,425XP
78972 | BoSt | Hotel Grieshof FP,Hotel Grieshof FP,78972,7XVz3
886656 | Cafe Rouge - Schwarzer Adler FP, Cafe Rouge - Schwarzer Adler FP,886656,8Q3GQ
160333 | DaNi | KÖNIG Sonnenschutz GmbH,KÖNIG Sonnenschutz GmbH,160333,tP4bb
94073 | EgJe | Gasthof Gräbernerwirt FP,Gasthof Gräbernerwirt FP,94073,Kklqn
138960 | SchE | Memoba Inh Oliver Veith FP,Memoba Inh Oliver Veith FP,138960,9kzfP
880070 | BiMa | Speedfit Innsbruck,Speedfit Innsbruck,880070,XnCh9
839629 | Appartmenthaus Bergkönig, Appartmenthaus Bergkönig,839629,CKFGr
728938 | Autobusunternehmen Fragollo Reisen, Autobusunternehmen Fragollo Reisen,728938,vDXJp
399266 | Hotel Gasthof Alpenhof - Bar Pub Alte Mühle, Hotel Gasthof Alpenhof - Bar Pub Alte Mühle,399266,l9b7M
743425 | BoSt | Comfy Hängematten - Hängesessel FP,Comfy Hängematten - Hängesessel FP,743425,GD2ng
399266 | Hotel Gasthof Alpenhof, Hotel Gasthof Alpenhof,399266,l9b7M
648629 | EgJe | Tiewald GmbH FP,Tiewald GmbH FP,648629,MHmcL
363026 | SaTh | Bodystyle Fitness Studio GesmbH FP,Bodystyle Fitness Studio GesmbH FP,363026,Q8xFs
217518 | PaGe | Wi-So Gartenbau,Wi-So Gartenbau,217518,sgtVb
879685 | BoSt | Campingbetriebes gesmbH & Co KG FP,Campingbetriebes gesmbH & Co KG FP,879685,WKtkD
766282 | EgJe | GEBRECHENDIENST TSN Tomic KG,GEBRECHENDIENST TSN Tomic KG,766282,j3lHM
663141 | SaTh | CESB Viktor Schader FP,CESB Viktor Schader FP,663141,jlWDT
719962 | SaTh | Gebrüder Murauer GmbH FP,Gebrüder Murauer GmbH FP,719962,f7lNt
67920 | Hotel Hintertuxerhof FP, Hotel Hintertuxerhof FP,67920,LSBr6
69587 | PaGe | Alpengasthof Jägerhaus Posch,Alpengasthof Jägerhaus Posch,69587,Q6S3K
285349 | DaNi | Jumbo Gruppe FP,Jumbo Gruppe FP,285349,rxprr
715121 | BiMa | Landhaus Hazienda FP,Landhaus Hazienda FP,715121,GCn23
72684 | BiMa | Gasthaus Hirschen FP,Gasthaus Hirschen FP,72684,nHlnX
64098 | Ludwig Medel Sanitär-Heizung-Spenglerei, Ludwig Medel Sanitär-Heizung-Spenglerei,64098,LS9G6
818639 | SaTh | Stefan Wilson Zahnarzt FP,Stefan Wilson Zahnarzt FP,818639,vFJgR
519997 | SaTh | Tunemasters FP,Tunemasters FP,519997,JM5R3
707310 | EgJe | Kisch ReinigungsgesmbH,Kisch ReinigungsgesmbH,707310,gZwvm
220451 | BiMa | Gruber LÜFTUNGSTECHNIK,Gruber LÜFTUNGSTECHNIK,220451,tPZdT
473268 | EgJe | Wutzlhofer Thomas FP,Wutzlhofer Thomas FP,473268,959zz
890902 | EgJe | Friesachers Aniferhof FP,Friesachers Aniferhof FP,890902,3KVkn
728552 | PaGe | Elektrotechnik Wahlhütter,Elektrotechnik Wahlhütter,728552,vDX8w
657760 | Pellesito Heiztechnik GmbH, Pellesito Heiztechnik GmbH,657760,VZMP6
855445 | DaNi | AUKOS Parkett & Böden FP,AUKOS Parkett & Böden FP,855445,JPw8v
476665 | PaGe | Kosmetik Elisabeth / Sissi Kosmetik,Kosmetik Elisabeth / Sissi Kosmetik,476665,s1RXG
878685 | BoSt | Elfie Rauch FP,Elfie Rauch FP,878685,psvHd
290698 | PaGe | BDA Armeeshop,BDA Armeeshop,290698,T3wjx
872199 | DaNi| Jugend- Musik- u Kunstschule Maintal FP,Jugend- Musik- u Kunstschule Maintal FP,872199,4mflB
846679 | Kitzalm Christian Aigner FP, Kitzalm Christian Aigner FP,846679,j4Qm7
361811 | S.O.B. A. Kerkoc FP, S.O.B. A. Kerkoc FP,361811,GsQlg
382265 | Blumen Tina FP, Blumen Tina FP,382265,bsw41
781606 | DaNi | Koschier Reinigungsunternehmen,Koschier Reinigungsunternehmen,781606,17dW8
879180 | PaGe | Rois - Vorsorgeberatung,Rois - Vorsorgeberatung,879180,dQRpC
39976 | EgJe | Stelzer FP,Stelzer FP,39976,lqBMx
799687 | EgJe | n Style Nails FP,n Style Nails FP,799687,psFNQ
91053 | EgJe | Gasthof Neugebauer FP,Gasthof Neugebauer FP,91053,CvWNq
323183 | EgJe | Michael Pischinger,Michael Pischinger,323183,4h15m
54901 | EgJe | Taxi Auer,Taxi Auer,54901,VSFJr
484689 | EgJe | Bastelwelt Euro-Center Oed,Bastelwelt Euro-Center Oed,484689,lBJhh
5397 | EgJe | Hochleitner GesmbH FP,Hochleitner GesmbH FP,5397,113F8
769046 | Teak-It FP, Teak-It FP,769046,T81x9
731235 | SchE | Genuss&Zeit FP,Genuss&Zeit FP,731235,17CX9
366249 | DaNi| Skischule St. Johann,Skischule St. Johann,366249,rFrfq
26702 | PaGe | Martin Dünser Tischlerei,Martin Dünser Tischlerei,26702,XdxGT
848951 | PaGe | Creative Copy,Creative Copy,848951,D3z48
241893 | EgJe | Autovermietung PKW & LKW Kopf GmbH,Autovermietung PKW & LKW Kopf GmbH,241893,K3MVT
748167 | PaGe | Paar Deco GesmbH,Paar Deco GesmbH,748167,Xm5lG
34919 | PaGe | Spar-Markt - Fleisch Franz Josef,Spar-Markt - Fleisch Franz Josef,34919,hBsmX
156128 | PaGe | Appartments Mair,Appartments Mair,156128,3CGjP
819806 | PaGe | Maad Al-Soqour,Maad Al-Soqour,819806,DmMpN
690161 | PaGe | Eisenhauer Karl Giesinger,Eisenhauer Karl Giesinger,690161,slvMM
95564 | PaGe | Hotel Laurenzhof,Hotel Laurenzhof,95564,plG7Z
705739 | PaGe | Sport Holzner GmbH,Sport Holzner GmbH,705739,4lFQ3
475462 | PaGe | Maturaschule Schola Nova GesmbH,Maturaschule Schola Nova GesmbH,475462,1532J
106281 | PaGe | Harald Simeoni Tischlerei,Harald Simeoni Tischlerei,106281,p2hhF
870753 | PaGe | B1 Bodystudio/Red Dop,B1 Bodystudio/Red Dop,870753,X4Stz
538654 | PaGe | Schlossgastronomie Katzelsdorf,Schlossgastronomie Katzelsdorf,538654,gXVgp
425130 | PaGe | Stein und Gartendesign PflasterungsgesmbH,Stein und Gartendesign PflasterungsgesmbH,425130,Dj2Qm
560545 | PaGe | Fisch Peer Inh. Josef Peer/Beach Club,Fisch Peer Inh. Josef Peer/Beach Club,560545,WHBp9
861276 | PaGe | Die Elektronauten,Die Elektronauten,861276,mhpLD
602771 | PaGe | Fahrschule Am Campus,Fahrschule Am Campus,602771,bC915
858448 | Land-KFZ Technik Hackner FP, Land-KFZ Technik Hackner FP,858448,43t7V
843149 | Ertl Technobau FP, Ertl Technobau FP,843149,PVNKG
470206 | BiMa | Elektrotechnik Peter Schwehla FP,Elektrotechnik Peter Schwehla FP,470206,JLfht
768834 | BiMa | Herrnhofer Installationen FP,Herrnhofer Installationen FP,768834,kV58W
136105 | PaGe | Mauertrockenlegung Klein,Mauertrockenlegung Klein,136105,plc1w
348851 | BoSt | Hotel Vitaler Landauerhof J u B Graf FP,Hotel Vitaler Landauerhof J u B Graf FP,348851,WFNds
635920 | DaNi | Glaserei Harald Bazant,Glaserei Harald Bazant,635920,fqhHn
862951 | PaGe | Böck Gasgeräteservice,Böck Gasgeräteservice,862951,18KPF
714393 | Therapiezentrum Millergasse, Therapiezentrum Millergasse,714393,mgZ9c
46878 | Keplinger Johann GmbH, Keplinger Johann GmbH,46878,bq5MM
330918 | EgJe | Biotope Rudolf Lier,Biotope Rudolf Lier,330918,hFP4L
826974 | Ingeborg Frumlacher/moremoney4you, Ingeborg Frumlacher/moremoney4you,826974,9rqCV
790633 | DaNi | Panoramagasthaus Neue Gufl,Panoramagasthaus Neue Gufl,790633,mhCvW
855237 | Physiotherapiezentrum Freilassing, Physiotherapiezentrum Freilassing,855237,43rmz
70035 | PaGe | Sporthotel Fuchs,Sporthotel Fuchs,70035,3BWrP
80233 | DaNi | Intercoiffeur Kruder Marc,Intercoiffeur Kruder Marc,80233,FMkh6
811962 | Hofmeister Finanz & Immobilien GmbH, Hofmeister Finanz & Immobilien GmbH,811962,JPZ3V
144596 | Dipl.-Ing. Hans Quester ELMORA Rauchfangsanierung, Dipl.-Ing. Hans Quester ELMORA Rauchfangsanierung,144596,TlLmK
28580 | Holzwurm KG, Holzwurm KG,28580,91Nmj
248717 | Gasthof-Restaurant Sonnhof, Gasthof-Restaurant Sonnhof,248717,4gM54
"768383 | Ulrike - Porzellan, Küche, Deko & mehr"," Ulrike - Porzellan, Küche, Deko & mehr",768383,BZzhp
875516 | Vereinstracht Orthop. Berger-Geier GmbH, Vereinstracht Orthop. Berger-Geier GmbH,875516,chmNN
817852 | Violet Beauty, Violet Beauty,817852,8PRcG
859581 | Hotel Bergland A & B Hotelbetriebs GmbH, Hotel Bergland A & B Hotelbetriebs GmbH,859581,fsbRJ
585620 | EgJe | Tanzschule Nicoletti,Tanzschule Nicoletti,585620,lC9kV
814032 | s'wunders die lifestyle bar, s'wunders die lifestyle bar,814032,p8jS8
154023 | Gasthof-Ferienhof Christler, Gasthof-Ferienhof Christler,154023,sgM4m
330528 | Bundeshandelsakademie u Bundeshandelsschule Mürzzuschlag, Bundeshandelsakademie u Bundeshandelsschule Mürzzuschlag,330528,gVl1L
838251 | Dong´s Cooking, Dong´s Cooking,838251,fsPZ1
753973 | EgJe | ZUNA Alarm- u. Sicherheitstechnik,ZUNA Alarm- u. Sicherheitstechnik,753973,vxPdm
554450 | EgJe | Winfried Pöschl,Winfried Pöschl,554450,hHJ9D
468958 | EgJe | Kindernest gem GmbH,Kindernest gem GmbH,468958,vBL36
519917 | EgJe | Georg Halwachs,Georg Halwachs,519917,4127j
211081 | Gasthof-Pension Gutmann, Gasthof-Pension Gutmann,211081,kPKqp
880896 | BoSt | Grillteller Inh. Nazic Mehmed,Grillteller Inh. Nazic Mehmed,880896,snWnv
59465 | BoSt | Auto Luger e.U.,Auto Luger e.U.,59465,T1zPv
397568 | BoSt | Stino Optik,Stino Optik,397568,KnLFZ
512969 | Pühringer Transporte, Pühringer Transporte,512969,QBDhw
59571 | Zum Kirchenwirt, Zum Kirchenwirt,59571,Nf54q
798091 | Mag. Monika Masik Ernährungsberatung, Mag. Monika Masik Ernährungsberatung,798091,ch78H
93720 | Malerei Sucher, Malerei Sucher,93720,p2bRt
265193 | Tourismusverein Eberndorf, Tourismusverein Eberndorf,265193,Xgzbf
29271 | Die Sonnigen, Die Sonnigen,29271,WvKQs
76532 | Pilotto, Pilotto,76532,RXpk8
719679 | Orthopädieschuhtechnik Wolfgang Wedl, Orthopädieschuhtechnik Wolfgang Wedl,719679,CJDJt
871447 | Suppan Optik Fanpage, Suppan Optik Fanpage,871447,K8jjW
122046 | Decker Kfz, Decker Kfz,122046,VSpH9
78257 | Hotel Cafe Konditorei Riedl, Hotel Cafe Konditorei Riedl,78257,1kJT7
212815 | Sommerrodelbahn Ossiach, Sommerrodelbahn Ossiach,212815,l81SF
820337 | MT Bergwild Delikatessen, MT Bergwild Delikatessen,820337,qc4st
794925 | Mein Friseur Monika Ablinger, Mein Friseur Monika Ablinger,794925,17l4x
723966 | MOCOS Mobiler Cocktail Service, MOCOS Mobiler Cocktail Service,723966,vDVFL
606595 | Weiherwirt Fam. Mühlbacher, Weiherwirt Fam. Mühlbacher,606595,96JVw
861770 | import and sale/LED123, import and sale/LED123,861770,T8nZT
835304 | Heizung-Sanitär-Installationen Helmut Hirnschall, Heizung-Sanitär-Installationen Helmut Hirnschall,835304,N42G5
49967 | Autobusunternehmung Weiss GesmbH, Autobusunternehmung Weiss GesmbH,49967,f24LW
857945 | Klausnerhof, Klausnerhof,857945,3KF2C
545299 | Yachting 2000, Yachting 2000,545299,7dTBv
150939 | Vienna Sightseeing, Vienna Sightseeing,150939,HZHqC
159226 | Salon Reckendorfer Dagmar-Muhr Reckendorfer, Salon Reckendorfer Dagmar-Muhr Reckendorfer,159226,JJ2BM
727070 | Hügelland, Hügelland,727070,BZdTh
401261 | Pro Vino Lang & Partner KG, Pro Vino Lang & Partner KG,401261,ltFr7
876279 | Rami Moshasvili KG - Yogurt-Bar, Rami Moshasvili KG - Yogurt-Bar,876279,WKsJj
602300 | Praxisgemeinschaft Fuchs-Martschitz Dr & Dr Bauder, Praxisgemeinschaft Fuchs-Martschitz Dr & Dr Bauder,602300,4kML3
722004 | Refill Druckertankstelle, Refill Druckertankstelle,722004,Nlhxs
494856 | Regaltechnik.at, Regaltechnik.at,494856,2WTtB
872219 | Media Task Nemeth-Nyström Handels KG, Media Task Nemeth-Nyström Handels KG,872219,MKgkP
878633 | Roland Dieringer Reifen und Alufelgen, Roland Dieringer Reifen und Alufelgen,878633,9sGjm
819462 | Neptun Mess- u Ortungstechnik, Neptun Mess- u Ortungstechnik,819462,987B9
459578 | Roland Köhler-Transporte, Roland Köhler-Transporte,459578,vBG7g
7114 | Nicki's Restaurant, Nicki's Restaurant,7114,FM7Ds
354409 | Leondinger Stadtwirt, Leondinger Stadtwirt,354409,3xcC1
737482 | Hörtechnik Hinrichs, Hörtechnik Hinrichs,737482,1qv3h
559788 | Hörhager Immobilien Normreal, Hörhager Immobilien Normreal,559788,gXhT7
717848 | SANELA Brautmoden, SANELA Brautmoden,717848,Xlq7V
850532 | Lasergravur Jocher, Lasergravur Jocher,850532,GDwPW
859089 | Sasa Stancevic, Sasa Stancevic,859089,6Dr5j
336531 | Schober GmbH, Schober GmbH,336531,lsht6
288877 | Kosmetikinstitut Christine, Kosmetikinstitut Christine,288877,1m6CT
60280 | Schönleitner Parkett GmbH, Schönleitner Parkett GmbH,60280,Gps9z
62123 | Tischlerei Hemetsberger, Tischlerei Hemetsberger,62123,MBnKq
415425 | Schuldnerhilfe OÖ, Schuldnerhilfe OÖ,415425,FQbHl
490346 | Klaus Toblier Hautarzt, Klaus Toblier Hautarzt,490346,K5Szx
458582 | Sigmund GmbH, Sigmund GmbH,458582,hGTDk
122886 | Hair Vogue, Hair Vogue,122886,ZNQDS
154425 | Hairdesign Sandra Aigner, Hairdesign Sandra Aigner,154425,SJ84q
885193 | SIRO - Sicherheitsunternehmen Rohrhuber e.U., SIRO - Sicherheitsunternehmen Rohrhuber e.U.,885193,4mm9M
178610 | A Grabner & Co, A Grabner & Co,178610,7ZMSS
880807 | Sky & Fire Die Feuerwerker, Sky & Fire Die Feuerwerker,880807,N4PCj
57479 | Gasthaus Radlwirt Michael Colli, Gasthaus Radlwirt Michael Colli,57479,ZMrzd
700572 | Hair & Style Nicole Winkler, Hair & Style Nicole Winkler,700572,Xlgvw
128295 | Steinmetzmeister Permatinger GmbH, Steinmetzmeister Permatinger GmbH,128295,GqRV3
879561 | funny veggie e.U., funny veggie e.U.,879561,hL4Z8
631743 | Dachreinigung - Dachbeschichtung - Sandstrahlenarbeiten - Stadelmann, Dachreinigung - Dachbeschichtung - Sandstrahlenarbeiten - Stadelmann,631743,JN2zZ
555503 | Hackner Heinz GmbH, Hackner Heinz GmbH,555503,QvFK2
50710 | Frisurenmode Leitner, Frisurenmode Leitner,50710,DdqTX
819871 | Stoffenspektakel KSL KG, Stoffenspektakel KSL KG,819871,FV2kl
295049 | Rezac Hausverwaltung Immobilien GmbH & Co KG, Rezac Hausverwaltung Immobilien GmbH & Co KG,295049,BTxXw
508823 | Europack EP Verpackungs, Europack EP Verpackungs,508823,Gtgzv
676711 | Stricker Martin GmbH, Stricker Martin GmbH,676711,vD6Xx
685276 | Austrian Nail Academy, Austrian Nail Academy,685276,Tqwxc
416334 | Elfriede Schneeweiss Tierarztordination Rennbahnzentrum, Elfriede Schneeweiss Tierarztordination Rennbahnzentrum,416334,G9FZL
415145 | ECO Treuhand, ECO Treuhand,415145,rGH2j
881816 | Aquazoo/Zoo Hainburg, Aquazoo/Zoo Hainburg,881816,T8xvb
691143 | Otmar Schimana, Otmar Schimana,691143,5SmFC
848804 | Dr. Roman Schobesberger, Dr. Roman Schobesberger,848804,Nmmmd
444972 | Wörthersee Reifnitz, Wörthersee Reifnitz,444972,SLc5M
444972 | Gemeinde Maria Wörth, Gemeinde Maria Wörth,444972,SLc5M
90428 | Tourismusverband Werfen, Tourismusverband Werfen,90428,PMzpc
700623 | Der CarCleaner, Der CarCleaner,700623,mgRQb
796704 | Tierarztpraxis Mag. Paolo d'Orazio, Tierarztpraxis Mag. Paolo d'Orazio,796704,43MPQ
115045 | Konditorei Peintner, Konditorei Peintner,115045,Ww49M
858392 | Delikat Nahrungsmittel, Delikat Nahrungsmittel,858392,9s6Hh
859543 | Trockenbau Emkic, Trockenbau Emkic,859543,6DrGz
794853 | D.J.T. Internationale Transporte & Handel, D.J.T. Internationale Transporte & Handel,794853,7gc7r
774132 | clearenergie, clearenergie,774132,j3pXZ
490170 | Christian Schatten, Christian Schatten,490170,69jQl
788112 | Bruckmayer Immobilien, Bruckmayer Immobilien,788112,N3cbz
852006 | MC - facility cleaning group, MC - facility cleaning group,852006,dQDTd
613086 | Brandstätter, Brandstätter,613086,BXg2T
147140 | W. Spatny Karosserie Fachbetrieb, W. Spatny Karosserie Fachbetrieb,147140,plhc8
769164 | Wok'n Grill, Wok'n Grill,769164,s3wMd
848401 | Africa Center Beauty, Africa Center Beauty,848401,hKnbD
869630 | Yoyogurt, Yoyogurt,869630,p9Bcn
751925 | Marko Wohnen GmbH, Marko Wohnen GmbH,751925,6CwRh
631789 | Ipso, Ipso,631789,6BvPw
598362 | La Casita Restaurant, La Casita Restaurant,598362,kSd8V
875584 | SlimFit PT - Lounge - Graz, SlimFit PT - Lounge - Graz,875584,FVTwl
113493 | Schülerhilfe Neusiedl, Schülerhilfe Neusiedl,113493,hCXV6
641392 | Shoppingcity Seiersberg, Shoppingcity Seiersberg,641392,j2hGb
490900 | Regenfelder Bernhard Installations- Spenglerei-Heizungs GmbH, Regenfelder Bernhard Installations- Spenglerei-Heizungs GmbH,490900,gX6nF
660681 | Semmler GmbH, Semmler GmbH,660681,KqZqD
367229 | Fahrschule Hotter, Fahrschule Hotter,367229,TnFTr
73382 | Sport Hofer KG, Sport Hofer KG,73382,qSjmv
44789 | Sporthof Austria, Sporthof Austria,44789,Ndwv9
260906 | Frisiersalon Schalk, Frisiersalon Schalk,260906,G7vqL
611439 | Bad Stich Seerestaurant, Bad Stich Seerestaurant,611439,kSkbN
798241 | SPS Sprung Personal Service e.U., SPS Sprung Personal Service e.U.,798241,3Jk8l
171622 | Schweizerhaus, Schweizerhaus,171622,rDCbr
880693 | Schuhaus Max Mader, Schuhaus Max Mader,880693,6xgzf
31300 | Foto Tschank GmbH, Foto Tschank GmbH,31300,v6clJ
430387 | Start Ledermoden, Start Ledermoden,430387,WG5bs
500676 | Furgler Sissi - Fotografie, Furgler Sissi - Fotografie,500676,SM5HB
850787 | Stilecht, Stilecht,850787,HhFJp
530751 | Foaschui Fahrschule Steger, Foaschui Fahrschule Steger,530751,gXRNW
336206 | Fliesenparadies Manuela Steffel, Fliesenparadies Manuela Steffel,336206,ccBm4
36575 | Fahrschule Prantl, Fahrschule Prantl,36575,FMMV7
167660 | Sporthotel Filzmooserhof, Sporthotel Filzmooserhof,167660,SJFZw
786497 | Käfer's Treppenlifte, Käfer's Treppenlifte,786497,Bb8FT
669136 | Filmhof Veranstaltungs- u BetriebsgmbH, Filmhof Veranstaltungs- u BetriebsgmbH,669136,hJGvl
824396 | Mrs. Sporty Traiskirchen, Mrs. Sporty Traiskirchen,824396,Hh2KD
723814 | Fuchs G Design GmbH, Fuchs G Design GmbH,723814,XlscG
875832 | Eadahof Monika Kolb, Eadahof Monika Kolb,875832,bFSjl
788677 | Fidata GmbH, Fidata GmbH,788677,1rLMT
560948 | Funktechnik Klein, Funktechnik Klein,560948,lBxS1
691168 | Salon H+, Salon H+,691168,T7LVp
806118 | Giggi Tenne, Giggi Tenne,806118,XmZsw
95843 | Modezentrum Reiter, Modezentrum Reiter,95843,HXpsn
600038 | Glöckl Georg GmbH, Glöckl Georg GmbH,600038,6vJ61
837870 | Grassbichlhof, Grassbichlhof,837870,chRj6
444907 | Brigitta Fischer-Danek, Brigitta Fischer-Danek,444907,WGCfC
417862 | Miele-Center Höpperger, Miele-Center Höpperger,417862,SLMn6
70547 | Metzgerei Krimbacher, Metzgerei Krimbacher,70547,1kFGm
729701 | MEMI Reinigung KG, MEMI Reinigung KG,729701,9r1hL
314108 | Grießl Andrea Musik-Instrumentenhaus, Grießl Andrea Musik-Instrumentenhaus,314108,kQClP
879868 | Appartment Mariella, Appartment Mariella,879868,QFLVg
528253 | Gaumenspiel, Gaumenspiel,528253,rHF83
650080 | Melnicky Wohnstudio GmbH, Melnicky Wohnstudio GmbH,650080,2XpX2
612749 | Meixner Vermessung, Meixner Vermessung,612749,QC5GG
16015 | Rudolf Lamberg, Rudolf Lamberg,16015,jf2hq
170563  | Gasthof Zum Hirschen,Gasthof Zum Hirschen,170563 ,Ng2Hz
792733 | Medicum Ordination Dr. Behrooz Salehi, Medicum Ordination Dr. Behrooz Salehi,792733,7gbFb
99246 | Gasthof Seiser, Gasthof Seiser,99246,f2SsD
153141 | Trotzmüller, Trotzmüller,153141,T2mQg
265386 | FamilienFerienDorf Presseggersee, FamilienFerienDorf Presseggersee,265386,TmN5Q
699507 | Familienrestaurant Gegendtalerhof Fam Kramer, Familienrestaurant Gegendtalerhof Fam Kramer,699507,JNcCV
842974 | Medicare Wien, Medicare Wien,842974,CKGg7
79553 | Gasthof Risserhof, Gasthof Risserhof,79553,nHpfk
157778 | Schifffahrt Knoll, Schifffahrt Knoll,157778,pln3F
846530 | Schädlingsbekämpfung Kapela e.U., Schädlingsbekämpfung Kapela e.U.,846530,WKcvb
807979 | Salon Hair & Hair Manuela + Home-COMPANY, Salon Hair & Hair Manuela + Home-COMPANY,807979,lF4LR
408781 | Salon Carina, Salon Carina,408781,p5Ggj
212070 | Gasthof Krahlehenhof, Gasthof Krahlehenhof,212070,MD4mz
458624 | Gasthof Kratzerwirt, Gasthof Kratzerwirt,458624,qX1F1
47667 | Fahrschule Baumgartl, Fahrschule Baumgartl,47667,7XFw9
66923 | Gasthof Kaiserkrone, Gasthof Kaiserkrone,66923,hC96h
236167 | Faber-Weiß Service GmbH, Faber-Weiß Service GmbH,236167,QrWJx
492754 | Gasthof Bären, Gasthof Bären,492754,FRFTt
737802 | Maukner Magnetschmuck, Maukner Magnetschmuck,737802,3JCzJ
692391 | Marchfelder Storchenbräu, Marchfelder Storchenbräu,692391,tTbBv
364516 | Manhartseder-Krisai e.U., Manhartseder-Krisai e.U.,364516,gW38z
86643 | Gasthof Alte Point, Gasthof Alte Point,86643,SHXqW
111543 | Mair Martin Intercoiffeure, Mair Martin Intercoiffeure,111543,4fBwb
621341 | M.I.P. Irene Prokop, M.I.P. Irene Prokop,621341,hHs2L
91604 | Gasthof Inzinger, Gasthof Inzinger,91604,hw2HQ
612600 | Gasthaus Löwen, Gasthaus Löwen,612600,bvszj
73926 | Gasthof-Pension Bergland Niedrist KG, Gasthof-Pension Bergland Niedrist KG,73926,ZN1qH
862006 | Zhou & Morsi GmbH, Zhou & Morsi GmbH,862006,PVXB6
527290 | Zahnbüro Informations GesmbH, Zahnbüro Informations GesmbH,527290,qXZqL
381976 | Dr Helmut Haider, Dr Helmut Haider,381976,7c69n
776586 | White Nails Nagelstudio, White Nails Nagelstudio,776586,LbD1g
563022 | Novasystems KunststoffverarbeitungsgesmbH, Novasystems KunststoffverarbeitungsgesmbH,563022,FRqlw
820174 | Toth Beschriftungen, Toth Beschriftungen,820174,1rcTH
869044 | Nail Spa, Nail Spa,869044,s4mz1
441862 | Wirtschaftsdetektei Vesztergombi, Wirtschaftsdetektei Vesztergombi,441862,vB6l7
676335 | Kuchlerwirt, Kuchlerwirt,676335,lwbPs
738678 | Krieglstein Transporte, Krieglstein Transporte,738678,prjzL
8070770 | Winklbauer GmbH, Winklbauer GmbH,870770,nQXC2
114669 | Kranebitterhof, Kranebitterhof,114669,GqKpx
391888 | Tierklinik am Sonnberg, Tierklinik am Sonnberg,391888,hFvRd
538042 | WERNER Filmproduktion – Werner Rudolf, WERNER Filmproduktion – Werner Rudolf,538042,6B7Mk
36296 | Kohlbacher Franz Zimmerei, Kohlbacher Franz Zimmerei,36296,4dXbw
870139 | KIWANO Restaurant & Hotel, KIWANO Restaurant & Hotel,870139,j4dWt
423099 | Team Oblasser, Team Oblasser,423099,7cRJ3
103241 | Römerstube Hotelzimmer - Restaurant - Kegelbahnen, Römerstube Hotelzimmer - Restaurant - Kegelbahnen,103241,NfRG4
399274 | Auto-Mobil Pfandleiheges.m.b.H, Auto-Mobil Pfandleiheges.m.b.H,399274,rznJr
764670 | Kitz Petschnighof, Kitz Petschnighof,764670,RggKm
559148 |AustriAlarm - Hardy electronic,AustriAlarm - Hardy electronic,559148,f6NPz
607177 | RIA print Siebdruck + Werbung - Ritter & Absenger OG, RIA print Siebdruck + Werbung - Ritter & Absenger OG,607177,3H6ZT
28178 | Schrotthandel RFE - Gase GmbH, Schrotthandel RFE - Gase GmbH,28178,sfHfV
90483 | Kirchenwirt Hotel-Restaurant, Kirchenwirt Hotel-Restaurant,90483,Gq7lM
382399 | Kirchdorfer Taxi, Kirchdorfer Taxi,382399,hFqTz
847229 | Pool Oase, Pool Oase,847229,PVQ2W
795233 | Hotel Astoria GmbH, Hotel Astoria GmbH,795233,D3Vgr
848740 | Immo-Company, Immo-Company,848740,NmmlK
157914 | Aschauerhof Familotel, Aschauerhof Familotel,157914,hwZth
329407 | Kinderwunschklinik Parkvilla, Kinderwunschklinik Parkvilla,329407,shr73
802050 | Reisingers Revents, Reisingers Revents,802050,lF1sR
514884 | ERGE Electronic Arnold Alarm, ERGE Electronic Arnold Alarm,514884,LX11p
760121 | Kerstin Müllner-Drobela, Kerstin Müllner-Drobela,760121,dPRDQ
781515 | Reuß Maik - Ganzheitliche Physiotherapie, Reuß Maik - Ganzheitliche Physiotherapie,781515,f8H35
332860 | Karosserie Kuess, Karosserie Kuess,332860,fn74t
794776 | Leichter leben ohne Last - Walter Kofler, Leichter leben ohne Last - Walter Kofler,794776,lxbl3
811506 | Purpur Apotheke, Purpur Apotheke,811506,Rh4qc
507090 | Ihr Autoputzmeister Service GmbH, Ihr Autoputzmeister Service GmbH,507090,bv13R
554847 | Ignaz Joseph Pleyel-Museum, Ignaz Joseph Pleyel-Museum,554847,SMWqj
379531 | Reiter A Zimmerei GmbH, Reiter A Zimmerei GmbH,379531,3xpfh
803161 | ICP NAILCARE AUSTRIA, ICP NAILCARE AUSTRIA,803161,HgqSr
627809 | Taxi Keglovits, Taxi Keglovits,627809,slNNs
72694 | Hueber Bäckerei, Hueber Bäckerei,72694,f2FpL
238256 | Der Puppendoktor Karin Haider, Der Puppendoktor Karin Haider,238256,FP5V4
821088 | Projekt-Licht Markus Untertrifaller, Projekt-Licht Markus Untertrifaller,821088,dPxcf
75917 | Hotel Truyenhof, Hotel Truyenhof,75917,WC4xn
216570 | Porsche Inter Auto, Porsche Inter Auto,216570,lrgvv
766988 | Lüftenegger GmbH & Co KG, Lüftenegger GmbH & Co KG,766988,lDjGt
391705 | Hotel San Antonio, Hotel San Antonio,391705,Xj4HW
251010 | Pizzeria San Marco, Pizzeria San Marco,251010,JJnPV
433156 | Apotheke Schöndorf, Apotheke Schöndorf,433156,QtCM8
349612 | Apotheke Leonhard, Apotheke Leonhard,349612,sj2WN
652052 | Pizza on Tour, Pizza on Tour,652052,gZSv4
418915 | Hotel Röck Garni GmbH, Hotel Röck Garni GmbH,418915,1nCMK
635180 | Phantasy Schmuck Galerie, Phantasy Schmuck Galerie,635180,HfPVg
618057 | licht & form - Nagel Bernd, licht & form - Nagel Bernd,618057,gZBlH
215156 | Hotel Pension Ramerhof, Hotel Pension Ramerhof,215156,vrqDV
89714 | Hotel Moselebauer, Hotel Moselebauer,89714,fl3nk
881709 | RBM Tuning, RBM Tuning,881709,HhVBs
74190 | Hotel Humler-Hof, Hotel Humler-Hof,74190,gSZDx
33416 | Hotel Gasthof zum Löwen, Hotel Gasthof zum Löwen,33416,8GmtM
214429 | Dr. Andreas Oberhofer, Dr. Andreas Oberhofer,214429,NgNZC
850616 | Tattoo Arts, Tattoo Arts,850616,CKKr5
723576 | DDr. Evelyn Krenn, DDr. Evelyn Krenn,723576,qbFbB
796143 | EssKulturWirt - Die Zechnerin, EssKulturWirt - Die Zechnerin,796143,5Tfz4
315312 | EKD Elektrokundendienst, EKD Elektrokundendienst,315312,rz5LL
224141 | Eissalon Trento, Eissalon Trento,224141,Wwzbp
502514 | EBR Reinigungsservice, EBR Reinigungsservice,502514,RdR8f
331237 | pizzapronti.at, pizzapronti.at,331237,fn6Nm
492754 | Gasthaus Outback, Gasthaus Outback,492754,FRFTt
74950 | Hotel Diana, Hotel Diana,74950,VSPg2
204137 | Hotel - Pension Eichenhof, Hotel - Pension Eichenhof,204137,p3WRJ
853862 | holz Art Naturholzböden GmbH, holz Art Naturholzböden GmbH,853862,f8t9X
814795 | HN Limousinen, HN Limousinen,814795,bxcC8
101686 | Apotheke am Schillerplatz, Apotheke am Schillerplatz,101686,rCcSb
260597 | Otto Reisen, Otto Reisen,260597,Cwz1v
807241 | Hicks'es Wirtshaus, Hicks'es Wirtshaus,807241,HgsB7
812667 | helohaus D Fertighaus GmbH, helohaus D Fertighaus GmbH,812667,FTxkk
697389 | Health & Beauty, Health & Beauty,697389,3Hs8X
832690 | Apartment Fernerkogel, Apartment Fernerkogel,832690,8PZn5
849498 | Haus Jasmin Fam. Sabine Domenig, Haus Jasmin Fam. Sabine Domenig,849498,SQ3Z1
72485| Josef Haunholter VW, Josef Haunholter VW,7248,9jrnP
80390 | Harald Rauchegger, Harald Rauchegger,80390,tNNJ6
750638 | Harald Kanzler HK Poolbau, Harald Kanzler HK Poolbau,750638,FTQtq
880652 | Apart-Hotel-Cafe Auer***, Apart-Hotel-Cafe Auer***,880652,jnMpT
448996 | Haas GmbH, Haas GmbH,448996,s1D2b
796007 | HaarImpuls, HaarImpuls,796007,CJs6c
403981 | Liot Kunststoff- u Rohrleitungsbau GesmbH, Liot Kunststoff- u Rohrleitungsbau GesmbH,403981,T4ttr
214942 | Alpensporthotel Mutterberg GmbH & Co KG, Alpensporthotel Mutterberg GmbH & Co KG,214942,Mwksd
160062 | Alpenpension Zillertalerhof, Alpenpension Zillertalerhof,160062,BSpL6
827796 | Alpenlandhaus Dajana, Alpenlandhaus Dajana,827796,qc817
67956 | Alpenhotel Ramsauerhof Marin Eberharter, Alpenhotel Ramsauerhof Marin Eberharter,67956,sfdDJ
710575 | Edelheiß, Edelheiß,710575,kTZsZ
325519 | Levente Aved, Levente Aved,325519,shpTh
782053 | COME INN Gastro GmbH, COME INN Gastro GmbH,782053,17djG
"112805 | F. Lassnig, Sanitär- und Heizungsinstallationen GmbH"," F. Lassnig, Sanitär- und Heizungsinstallationen GmbH",112805,PNB8H
61677 | Coiffeur Hartl, Coiffeur Hartl,61677,Q6Nkt
809424 | Christian Rouha, Christian Rouha,809424,4m7c4
877161 | Claudia's Style & Beauty, Claudia's Style & Beauty,877161,5VLjT
73389 | Alpenhotel Fernau Erich Hotelbetriebs GmbH, Alpenhotel Fernau Erich Hotelbetriebs GmbH,73389,kN9Tm
795131 |Alpenhof Apartments KG,Alpenhof Apartments KG,795131,K84w4
744607 | Alpe Kanalservice GmbH, Alpe Kanalservice GmbH,744607,6wWJN
454420 | China-Restaurant Mond, China-Restaurant Mond,454420,tRZ5M
Campingparadies Krug GesmbH,Campingparadies Krug GesmbH,395467,4hcBx
74168 | Almhotel Told, Almhotel Told,74168,LSFRc
86508 | CampingBad Ossiacher See GmbH, CampingBad Ossiacher See GmbH,86508,sfmwv
736777 | Bürotiger, Bürotiger,736777,smJmj
157905 | Camping Aufenfeld, Camping Aufenfeld,157905,rwkmx
157905 | Camping Aufenfeld | Kletterzentrum Zillertal,Kletterzentrum Zillertal,157905,rwkmx
82196 | Almdorf Grossarltal, Almdorf Grossarltal,82196,HXjCH
527185 | AHA - Schmuck & Accessoires, AHA - Schmuck & Accessoires,527185,GBBkc
90812 | Burg Hochosterwitz - Burgverwaltung, Burg Hochosterwitz - Burgverwaltung,90812,RXwgZ
441514 | Buchbinderei - Der Buchbinder Köll, Buchbinderei - Der Buchbinder Köll,441514,Dj9G8
516452 | Brillen Outlet by Weissmann, Brillen Outlet by Weissmann,516452,2Wgsv
803558 | BRAND-TEC Brandschutztechnik Handels-GmbH, BRAND-TEC Brandschutztechnik Handels-GmbH,803558,bDrcm
860638 | BOGNERHOF Fam. Grünwald Nora u. Rupert, BOGNERHOF Fam. Grünwald Nora u. Rupert,860638,kVrN5
330319 | Biedermeier Schlössl Lerchenhof, Biedermeier Schlössl Lerchenhof,330319,13nZC
748109 | Bestattungsinstitut Sporer, Bestattungsinstitut Sporer,748109,f817K
670606 | ABA Aufsperrdienst Böck, ABA Aufsperrdienst Böck,670606,vwhvP
533904 | Urkunden-Atelier e.U., Urkunden-Atelier e.U.,533904,tSFBT
760290 | Alle Sprachen - Übersetzungsbüro Mag Daniela Riegler, Alle Sprachen - Übersetzungsbüro Mag Daniela Riegler,760290,j3hn5
28892 | VKW Vorarlberger Kraftwerke AG, VKW Vorarlberger Kraftwerke AG,28892,f1sZQ
209332 | Burghotel Lockenhaus, Burghotel Lockenhaus,209332,5NgZK
629997 | Berger Aktivities GmbH Segel-Sportschule Wörthersee Manfred Berger, Berger Aktivities GmbH Segel-Sportschule Wörthersee Manfred Berger,629997,pqnjM
565421 | Beerenland Piribauer, Beerenland Piribauer,565421,4k3zP
119311 | Bazant GesmbH, Bazant GesmbH,119311,PNDr4
861898 | QMT Quanten-Matrix Technik, QMT Quanten-Matrix Technik,861898,T8nd6
306068 | Josef Paul Ribarics, Josef Paul Ribarics,306068,rz1Th
262630 | Schmidt & Schmidt Versicherungsberatungs-und Versicherungsmakler Ges.m.b.H., Schmidt & Schmidt Versicherungsberatungs-und Versicherungsmakler Ges.m.b.H.,262630,VV1qD
787879 | Baumfällprofis - WERNER BAUER, Baumfällprofis - WERNER BAUER,787879,gbdT3
717907 | Baumeister Ing Jürgen Höller GmbH, Baumeister Ing Jürgen Höller GmbH,717907,frNR1
862524 | Bauern-Markt Tirol, Bauern-Markt Tirol,862524,LbwnV
819887 | Johann Maichenitsch, Johann Maichenitsch,819887,T8R7k
401605 | Bader GmbH, Bader GmbH,401605,VWBjR
